Spotify ID,Artist IDs,Track Name,Album Name,Artist Name(s),Release Date,Duration (ms),Popularity,Added By,Added At,Genres,Danceability,Energy,Key,Loudness,Mode,Speechiness,Acousticness,Instrumentalness,Liveness,Valence,Tempo,Time Signature
5qHirGR7M9tdm6C17DlzSY,"3Gm5F95VdRxW3mqCn8RPBJ","REEL IT IN","ONEPOINTFIVE","Aminé",2018-08-15,121346,77,spotify:user:rmal1103401,2020-07-13T01:21:07Z,"pop rap,portland hip hop,rap,underground hip hop",0.754,0.342,10,-8.677,0,0.0991,0.073,0,0.193,0.423,128.981,4
3XiNC94b4Tq1xwv70sQJGN,"4O15NlyKLIASxsJ0PrXPfz","Sanguine Paradise","Sanguine Paradise","Lil Uzi Vert",2019-04-09,243976,71,spotify:user:rmal1103401,2020-07-13T01:21:20Z,"hip hop,melodic rap,philly rap,rage rap,rap",0.729,0.603,6,-6.736,0,0.0666,0.0948,0,0.113,0.207,134.972,4
2BJSMvOGABRxokHKB0OI8i,"699OTQXzgjhIYAHMy9RyPD,4O15NlyKLIASxsJ0PrXPfz","Shoota (feat. Lil Uzi Vert)","Die Lit","Playboi Carti,Lil Uzi Vert",2018-05-11,153800,80,spotify:user:rmal1103401,2020-07-13T01:21:32Z,"atl hip hop,plugg,pluggnb,rage rap,rap,hip hop,melodic rap,philly rap",0.673,0.649,1,-8.433,0,0.196,0.188,0,0.122,0.47,153.075,4
6vWEAOUSxohKxhp0K1BsxL,"1cNDP5yjU5vjeR8qMf4grg,5K4W6rqBFWDnAN6FQUkS6x","Mixed Personalities (feat. Kanye West)","We All Shine","YNW Melly,Kanye West",2019-01-18,230400,73,spotify:user:rmal1103401,2020-07-13T01:21:42Z,"melodic rap,rap,chicago rap,hip hop",0.661,0.44,2,-9.104,1,0.0803,0.457,0,0.128,0.352,149.937,4
7ms3VzLTfr7fXNOqA4Mkx9,"7d3WFRME3vBY2cgoP38RDo,1pPmIToKXyGdsCF6LmqLmI","Creeping (feat. Rich the Kid)","Creeping (feat. Rich the Kid)","Lil Skies,Rich The Kid",2018-03-23,179830,63,spotify:user:rmal1103401,2020-07-13T01:21:51Z,"melodic rap,atl hip hop,plugg,rap,trap",0.729,0.687,8,-8.06,0,0.25,0.0108,0,0.162,0.683,160.085,4
2eAZfqOm4EnOF9VvN50Tyc,"4O15NlyKLIASxsJ0PrXPfz,5cIc3SBFuBLVxJz58W2tU9","The Way Life Goes (feat. Oh Wonder)","Luv Is Rage 2","Lil Uzi Vert,Oh Wonder",2017-08-25,221746,82,spotify:user:rmal1103401,2020-07-13T01:21:57Z,"hip hop,melodic rap,philly rap,rage rap,rap,electropop,indie poptimism,pov: indie",0.703,0.757,1,-3.612,1,0.05,0.617,0,0.106,0.696,82.008,4
1uL78kFWxhz3umTMWJu8n5,"4O15NlyKLIASxsJ0PrXPfz","Sauce It Up","Luv Is Rage 2","Lil Uzi Vert",2017-08-25,207038,67,spotify:user:rmal1103401,2020-07-13T01:22:02Z,"hip hop,melodic rap,philly rap,rage rap,rap",0.813,0.528,6,-6.305,0,0.313,0.0715,0,0.125,0.131,79.532,4
7GX5flRQZVHRAGd6B4TmDO,"4O15NlyKLIASxsJ0PrXPfz","XO Tour Llif3","Luv Is Rage 2","Lil Uzi Vert",2017-08-25,182706,84,spotify:user:rmal1103401,2020-07-13T01:22:06Z,"hip hop,melodic rap,philly rap,rage rap,rap",0.732,0.75,11,-6.366,0,0.231,0.00264,0,0.109,0.401,155.096,4
0uxSUdBrJy9Un0EYoBowng,"4O15NlyKLIASxsJ0PrXPfz","20 Min","Luv Is Rage 2 (Deluxe)","Lil Uzi Vert",2017-11-17,220586,84,spotify:user:rmal1103401,2020-07-13T01:22:16Z,"hip hop,melodic rap,philly rap,rage rap,rap",0.773,0.75,8,-4.009,0,0.117,0.109,0,0.174,0.783,123.426,4
7l3E7lcozEodtVsSTCkcaA,"46SHBwWsqBkxI7EeeBEQG7,4DdkRBBYG6Yk9Ka8tdJ9BW,0Y5tJX1MQlPlqiwlOH1tJY","ZEZE (feat. Travis Scott & Offset)","ZEZE (feat. Travis Scott & Offset)","Kodak Black,Offset,Travis Scott",2018-10-12,228653,26,spotify:user:rmal1103401,2020-07-13T01:22:25Z,"florida drill,florida rap,melodic rap,miami hip hop,rap,trap,trap latino,atl hip hop,hip hop,pop rap,slap house",0.861,0.637,8,-5.692,0,0.24,0.0515,0.00000335,0.0967,0.474,98.044,4
7EiZI6JVHllARrX9PUvAdX,"1RyvyyTE3xzB2ZywiAwp0i,1Xyo4u8uXC1ZmMpatF05PJ","Low Life (feat. The Weeknd)","EVOL","Future,The Weeknd",2016-04-13,313546,85,spotify:user:rmal1103401,2020-07-13T01:22:30Z,"atl hip hop,hip hop,rap,southern hip hop,trap,canadian contemporary r&b,canadian pop,pop",0.722,0.331,8,-7.789,1,0.0726,0.337,0.282,0.146,0.102,143.961,4
3nAq2hCr1oWsIU54tS98pL,"5K4W6rqBFWDnAN6FQUkS6x","Waves","The Life Of Pablo","Kanye West",2016-06-10,181573,74,spotify:user:rmal1103401,2020-07-13T01:22:39Z,"chicago rap,hip hop,rap",0.557,0.586,10,-4.57,1,0.0382,0.0528,0.00000733,0.339,0.0681,96.091,4
0kCBorRrKZkSztd9m0QI3r,"50co4Is1HCEo8bhOyUWKpn,1xr2G8Hlx4QWmT9HaUbmoO,2hlmm7s2ICUX0LVIhVFlZQ,5f7VJjfbwm532GiveGC0ZK","Chanel (Go Get It) [feat. Gunna & Lil Baby]","Slime Language","Young Thug,Young Stoner Life,Gunna,Lil Baby",2018-08-17,201706,61,spotify:user:rmal1103401,2020-07-13T01:22:49Z,"atl hip hop,atl trap,gangster rap,melodic rap,rap,trap,pop rap",0.938,0.5,4,-10.08,0,0.144,0.00183,0,0.077,0.462,140.011,4
7sO5G9EABYOXQKNPNiE9NR,"4DdkRBBYG6Yk9Ka8tdJ9BW,0iEtIxbK0KxaSlF7G42ZOp","Ric Flair Drip (with Metro Boomin)","Without Warning","Offset,Metro Boomin",2017-10-30,172800,86,spotify:user:rmal1103401,2020-07-13T01:22:55Z,"atl hip hop,hip hop,pop rap,rap,trap",0.88,0.428,9,-8.28,1,0.206,0.149,0.0000505,0.114,0.333,100.007,4
1fewSx2d5KIZ04wsooEBOz,"0iEtIxbK0KxaSlF7G42ZOp,2hlmm7s2ICUX0LVIhVFlZQ","Space Cadet (feat. Gunna)","NOT ALL HEROES WEAR CAPES (Deluxe)","Metro Boomin,Gunna",2018-11-06,203266,84,spotify:user:rmal1103401,2020-07-13T01:23:08Z,"rap,atl hip hop,melodic rap,trap",0.901,0.464,5,-9.789,0,0.0645,0.368,0.0000171,0.238,0.638,109.004,4
2g21mBQjfFsitbKg3PRyIa,"0HkcYmcjrBR3SCw9Ld5VZk,6AgTAQt8XS6jRWi4sX7w49","Caroline (feat. Polo G)","Wildboy","Calboy,Polo G",2019-05-31,157400,50,spotify:user:rmal1103401,2020-07-13T01:23:22Z,"chicago rap,melodic rap,rap",0.752,0.644,6,-6.042,0,0.0795,0.22,0,0.116,0.354,85.512,4
4y5tKWeAUcaFE6O8Fa8XsY,"2I9SLklAOG0vdMiUUMNxRl,7rkW85dBwwrJtlHRDkJDAC","Bali","88GLAM RELOADED","88GLAM,NAV",2018-04-27,185316,54,spotify:user:rmal1103401,2020-07-13T01:23:32Z,"canadian hip hop,canadian trap,melodic rap,rap,trap",0.646,0.503,11,-7.218,1,0.0402,0.097,0,0.13,0.509,158.027,4
1xbtojAZsQjOgiGdGX6ChU,"4Ga1P7PMIsmqEZqhYZQgDo","Ransom","Ransom","Lil Tecca",2019-05-22,131248,1,spotify:user:rmal1103401,2020-07-13T01:23:41Z,"melodic rap,pluggnb,rap",0.745,0.642,7,-6.257,0,0.287,0.0204,0,0.0658,0.226,179.974,4
1GeNui6m825V8jP4uKiIaH,"50co4Is1HCEo8bhOyUWKpn,5f7VJjfbwm532GiveGC0ZK","Bad Bad Bad (feat. Lil Baby)","So Much Fun","Young Thug,Lil Baby",2019-08-16,149040,70,spotify:user:rmal1103401,2020-07-13T01:24:12Z,"atl hip hop,atl trap,gangster rap,melodic rap,rap,trap",0.974,0.596,6,-8.888,1,0.184,0.0976,0,0.151,0.892,111.959,4
5Z8HZM6iQMhhqyPcCGY5g9,"50co4Is1HCEo8bhOyUWKpn,2hlmm7s2ICUX0LVIhVFlZQ","Hot (feat. Gunna)","So Much Fun","Young Thug,Gunna",2019-08-16,193026,73,spotify:user:rmal1103401,2020-07-13T01:24:16Z,"atl hip hop,atl trap,gangster rap,melodic rap,rap,trap",0.855,0.651,0,-8.044,0,0.235,0.063,0,0.0772,0.559,111.997,4
3eekarcy7kvN4yt5ZFzltW,"0Y5tJX1MQlPlqiwlOH1tJY","HIGHEST IN THE ROOM","HIGHEST IN THE ROOM","Travis Scott",2019-10-04,175720,84,spotify:user:rmal1103401,2020-07-13T01:24:32Z,"hip hop,rap,slap house",0.598,0.427,7,-8.764,0,0.0317,0.0546,0.00000583,0.21,0.0605,76.469,4
0G1HcY6dlx8yjJBMCO9rOc,"1je11NKORfLMSjgSNP0DPF,20f082mpijx900V6pFo7Gu","Want Beef?","Want Beef?","YSN Flow,BaeBae Savo",2019-04-20,155481,51,spotify:user:rmal1103401,2020-07-13T01:24:52Z,"melodic rap,ohio hip hop",0.867,0.492,2,-8.088,1,0.279,0.253,0,0.288,0.567,120.981,4
6gBFPUFcJLzWGx4lenP6h2,"0Y5tJX1MQlPlqiwlOH1tJY","goosebumps","Birds In The Trap Sing McKnight","Travis Scott",2016-09-16,243836,87,spotify:user:rmal1103401,2020-07-13T01:25:16Z,"hip hop,rap,slap house",0.841,0.728,7,-3.37,1,0.0484,0.0847,0,0.149,0.43,130.049,4
2cYqizR4lgvp4Qu6IQ3qGN,"0Y5tJX1MQlPlqiwlOH1tJY","BUTTERFLY EFFECT","ASTROWORLD","Travis Scott",2018-08-03,190557,83,spotify:user:rmal1103401,2020-07-13T01:25:22Z,"hip hop,rap,slap house",0.763,0.628,11,-5.85,1,0.05,0.0531,0,0.114,0.193,140.958,4
2fQrGHiQOvpL9UgPvtYy6G,"1URnnhqYAYcrqrcwql10ft","Bank Account","Issa Album","21 Savage",2017-09-23,220306,9,spotify:user:rmal1103401,2020-07-13T01:25:57Z,"atl hip hop,hip hop,rap",0.884,0.347,8,-8.227,0,0.35,0.015,0.000007,0.0871,0.376,75.016,4
4Km5HrUvYTaSUfiSGPJeQR,"6oMuImdp5ZcFhWP0ESe6mG,4O15NlyKLIASxsJ0PrXPfz","Bad and Boujee (feat. Lil Uzi Vert)","Culture","Migos,Lil Uzi Vert",2017-04-07,343150,6,spotify:user:rmal1103401,2020-07-13T01:26:10Z,"atl hip hop,hip hop,pop rap,rap,trap,melodic rap,philly rap,rage rap",0.926,0.666,11,-5.314,1,0.244,0.0611,0,0.123,0.168,127.079,4
1e1JKLEDKP7hEQzJfNAgPl,"699OTQXzgjhIYAHMy9RyPD","Magnolia","Playboi Carti","Playboi Carti",2017-04-14,181812,82,spotify:user:rmal1103401,2020-07-13T01:26:20Z,"atl hip hop,plugg,pluggnb,rage rap,rap",0.791,0.582,11,-7.323,0,0.286,0.0114,0,0.35,0.443,162.991,4
72LlwJM24dWKpFLVB3PWWQ,"2hlmm7s2ICUX0LVIhVFlZQ,5f7VJjfbwm532GiveGC0ZK","Sold Out Dates (feat. Lil Baby)","Sold Out Dates (feat. Lil Baby)","Gunna,Lil Baby",2018-04-16,166297,0,spotify:user:rmal1103401,2020-07-13T01:26:36Z,"atl hip hop,melodic rap,rap,trap,atl trap",0.824,0.554,4,-7.118,0,0.115,0.433,0,0.124,0.316,127.003,4
29tc0GbW0pTSBZSCZF3NWk,"4MCBfE4596Uoi2O4DtmEMz","Lean Wit Me","Goodbye & Good Riddance","Juice WRLD",2018-05-23,175755,3,spotify:user:rmal1103401,2020-07-13T01:26:41Z,"chicago rap,melodic rap,rap",0.665,0.651,1,-5.515,1,0.156,0.0414,0,0.0896,0.237,163.935,4
5RCfvwDewu6p2x1mEI6smX,"2ODbg2404zUzTi02qIPEjB","The Race","#SantanaWorld","Tay-K",2017-07-17,140944,0,spotify:user:rmal1103401,2020-07-13T01:27:04Z,"cali rap,dfw rap,rap,trap",0.788,0.533,9,-7.594,1,0.352,0.0168,0,0.204,0.468,80.04,4
7rC5Pl8rQSX4myONQHYPBK,"3TVXtAsR1Inumwj472S9r4","Mob Ties","Scorpion","Drake",2018-06-29,205146,71,spotify:user:rmal1103401,2020-07-13T01:27:10Z,"canadian hip hop,canadian pop,hip hop,pop rap,rap",0.754,0.575,4,-8.393,0,0.0682,0.045,0.00131,0.276,0.491,86.009,4
1BxkZE73h9BN3qwuA15TA3,"5f7VJjfbwm532GiveGC0ZK,2hlmm7s2ICUX0LVIhVFlZQ","Drip Too Hard","Drip Too Hard","Lil Baby,Gunna",2018-09-12,145603,1,spotify:user:rmal1103401,2020-07-13T01:27:18Z,"atl hip hop,atl trap,rap,trap,melodic rap",0.9,0.653,1,-6.962,0,0.289,0.0945,0,0.528,0.399,112.503,4
04MLEeAMuV9IlHEsD8vF6A,"6vXTefBL93Dj5IqAWq6OTv,3TVXtAsR1Inumwj472S9r4","No Stylist (feat. Drake)","No Stylist","French Montana,Drake",2018-09-20,192172,63,spotify:user:rmal1103401,2020-07-13T01:27:28Z,"hip hop,pop rap,rap,southern hip hop,trap,canadian hip hop,canadian pop",0.765,0.704,5,-4.589,0,0.127,0.0215,0,0.227,0.498,147.055,4
3Ol2xnObFdKV9pmRD2t9x8,"31W5EY0aAly4Qieq6OFu6I","Look Back at It","Hoodie SZN","A Boogie Wit da Hoodie",2018-12-21,179449,78,spotify:user:rmal1103401,2020-07-13T01:27:41Z,"melodic rap,rap,trap",0.791,0.587,3,-5.075,0,0.0413,0.407,0,0.148,0.536,96.057,4
3OKjDHmSJVKOn6V4hCR8bq,"6jGMq4yGs7aQzuGsMgVgZR","Brothers","Brothers","Lil Tjay",2018-10-26,210080,55,spotify:user:rmal1103401,2020-07-13T01:27:57Z,"brooklyn drill,melodic rap,nyc rap,rap",0.677,0.421,2,-10.19,0,0.14,0.695,0,0.139,0.609,85.332,5
2zjGJ0dChMR0KxBZS15aqo,"0YinUQ50QDB7ZxSCLyQ40k,7rkW85dBwwrJtlHRDkJDAC,699OTQXzgjhIYAHMy9RyPD,31W5EY0aAly4Qieq6OFu6I","Baguettes in the Face (feat. NAV, Playboi Carti & A Boogie Wit da Hoodie)","Perfect Ten","Mustard,NAV,Playboi Carti,A Boogie Wit da Hoodie",2019-06-28,174100,68,spotify:user:rmal1103401,2020-07-13T01:28:22Z,"cali rap,pop rap,rap,southern hip hop,trap,canadian hip hop,canadian trap,melodic rap,atl hip hop,plugg,pluggnb,rage rap",0.883,0.525,2,-8.054,0,0.0633,0.189,0,0.0971,0.312,99.978,4
0nbXyq5TXYPCO7pr3N8S4I,"757aE44tKEUQEqRuT6GnEB","The Box","Please Excuse Me for Being Antisocial","Roddy Ricch",2019-12-06,196652,86,spotify:user:rmal1103401,2020-07-13T01:28:42Z,"melodic rap,rap,trap",0.896,0.586,10,-6.687,0,0.0559,0.104,0,0.79,0.642,116.971,4
6wJYhPfqk3KGhHRG76WzOh,"5zctI4wO9XSKS8XwcnqEHk","Blueberry Faygo","Blueberry Faygo","Lil Mosey",2020-02-07,162546,73,spotify:user:rmal1103401,2020-07-13T01:28:46Z,"melodic rap,rap conscient",0.774,0.554,0,-7.909,1,0.0383,0.207,0,0.132,0.349,99.034,4
2u3EyuCqqV31woqGvO9LBz,"5f7VJjfbwm532GiveGC0ZK","Sum 2 Prove","Sum 2 Prove","Lil Baby",2020-01-10,205760,70,spotify:user:rmal1103401,2020-07-13T01:28:55Z,"atl hip hop,atl trap,rap,trap",0.823,0.552,4,-7.57,0,0.324,0.0174,0,0.122,0.418,124.038,4
7hav1MHURQf5SAoPk0egqh,"4O15NlyKLIASxsJ0PrXPfz","Baby Pluto","Eternal Atake","Lil Uzi Vert",2020-03-06,210261,65,spotify:user:rmal1103401,2020-07-13T01:29:01Z,"hip hop,melodic rap,philly rap,rage rap,rap",0.772,0.634,10,-6.101,0,0.212,0.135,0,0.432,0.671,160.052,4
3BYIzNZ3t9lRQCACXSMLrT,"4O15NlyKLIASxsJ0PrXPfz","Venetia","Eternal Atake","Lil Uzi Vert",2020-03-06,188800,60,spotify:user:rmal1103401,2020-07-13T01:29:07Z,"hip hop,melodic rap,philly rap,rage rap,rap",0.775,0.757,9,-4.139,1,0.175,0.162,0,0.148,0.562,142.933,4
4D7NrSeqkTarBrJ80b2sBc,"4O15NlyKLIASxsJ0PrXPfz,7rkW85dBwwrJtlHRDkJDAC","Leaders (feat. NAV)","Eternal Atake (Deluxe) - LUV vs. The World 2","Lil Uzi Vert,NAV",2020-03-13,194843,57,spotify:user:rmal1103401,2020-07-13T01:29:13Z,"hip hop,melodic rap,philly rap,rage rap,rap,canadian hip hop,canadian trap,trap",0.95,0.654,0,-5.895,0,0.307,0.0744,0,0.138,0.886,132.936,4
2QqJTIlGKRLJC3onkavYEz,"6AgTAQt8XS6jRWi4sX7w49,4MCBfE4596Uoi2O4DtmEMz","Flex (feat. Juice WRLD)","THE GOAT","Polo G,Juice WRLD",2020-05-15,163902,75,spotify:user:rmal1103401,2020-07-13T01:29:19Z,"chicago rap,rap,melodic rap",0.752,0.673,10,-5.792,0,0.153,0.0538,0,0.133,0.35,164.009,4
6HY3arOe4dD8UQ0oVDJ18E,"2hlmm7s2ICUX0LVIhVFlZQ","WUNNA","WUNNA","Gunna",2020-05-18,158240,46,spotify:user:rmal1103401,2020-07-13T01:29:24Z,"atl hip hop,melodic rap,rap,trap",0.889,0.455,0,-9,1,0.256,0.0216,0.00456,0.11,0.299,148.004,4
2fZTS0VboxRpF0FdfY7E5P,"4MCBfE4596Uoi2O4DtmEMz","Conversations","Legends Never Die","Juice WRLD",2020-07-10,181661,3,spotify:user:rmal1103401,2020-07-13T01:29:31Z,"chicago rap,melodic rap,rap",0.747,0.622,11,-5.825,1,0.0838,0.176,0,0.151,0.57,159.93,4
5LHHKZOwV8XW4LJP2C64mw,"2hlmm7s2ICUX0LVIhVFlZQ,757aE44tKEUQEqRuT6GnEB","COOLER THAN A BITCH (feat. Roddy Ricch)","WUNNA","Gunna,Roddy Ricch",2020-05-22,197000,62,spotify:user:rmal1103401,2020-07-13T01:29:42Z,"atl hip hop,melodic rap,rap,trap",0.837,0.586,11,-8.521,0,0.0807,0.281,0,0.134,0.618,117.066,4
2iP3unJbxZvRuqyrS0ocZy,"6AgTAQt8XS6jRWi4sX7w49,0YinUQ50QDB7ZxSCLyQ40k","Heartless (feat. Mustard)","THE GOAT","Polo G,Mustard",2020-05-15,204000,71,spotify:user:rmal1103401,2020-07-13T01:29:54Z,"chicago rap,rap,cali rap,pop rap,southern hip hop,trap",0.776,0.64,7,-8.058,1,0.184,0.149,0,0.101,0.326,160.038,4
39Yp9wwQiSRIDOvrVg7mbk,"2PaZWGu5T5nHjY2xxAkFsT,0Y5tJX1MQlPlqiwlOH1tJY,0fA0VVWsXO9YnASrzqfmYu","THE SCOTTS","THE SCOTTS","THE SCOTTS,Travis Scott,Kid Cudi",2020-04-24,165977,77,spotify:user:rmal1103401,2020-07-13T01:30:06Z,"hip hop,rap,slap house,ohio hip hop,pop rap",0.716,0.537,0,-7.648,0,0.0514,0.233,0,0.157,0.28,129.979,4
6piAUJJQFD8oHDUr0b7l7q,"6fWVd57NKTalqvmjRd2t8Z","VALENTINO","DROPPED OUTTA COLLEGE","24kGoldn",2019-11-22,179133,73,spotify:user:rmal1103401,2020-07-13T01:30:24Z,"cali rap,pop rap",0.746,0.717,9,-4.841,0,0.179,0.199,0,0.132,0.523,150.964,4
1gVCEnryJhkdQcuC0Kbvor,"4r63FhuTkUYltbVAg5TQnk","FIND MY WAY","BLAME IT ON BABY","DaBaby",2020-04-17,139890,58,spotify:user:rmal1103401,2020-07-13T01:30:37Z,"hip hop,north carolina hip hop,pop rap,rap,trap",0.836,0.624,4,-6.75,0,0.184,0.187,0,0.138,0.7,103,4
0oH0OIeKJSAT5bdFkbz20A,"7d3WFRME3vBY2cgoP38RDo,3hcs9uc56yIGFCSy9leWe7","Havin My Way (feat. Lil Durk)","Havin My Way (feat. Lil Durk)","Lil Skies,Lil Durk",2020-03-04,211653,2,spotify:user:rmal1103401,2020-07-13T01:31:10Z,"melodic rap,chicago drill,chicago rap,drill,hip hop,rap,trap",0.802,0.737,6,-4.862,0,0.0757,0.275,0,0.113,0.712,127.013,4
6eSU1exzDvBEXmBRxspeh5,"4Ga1P7PMIsmqEZqhYZQgDo","Shots","We Love You Tecca","Lil Tecca",2019-08-30,109373,71,spotify:user:rmal1103401,2020-07-13T01:32:35Z,"melodic rap,pluggnb,rap",0.829,0.582,7,-5.721,0,0.0415,0.525,0,0.0759,0.51,108.028,4
5ZvweJ78bnsjDnuv7zXbNk,"2hlmm7s2ICUX0LVIhVFlZQ,5f7VJjfbwm532GiveGC0ZK,50co4Is1HCEo8bhOyUWKpn","Oh Okay (feat. Young Thug & Lil Baby)","Drip Season 3","Gunna,Lil Baby,Young Thug",2018-02-02,199011,0,spotify:user:rmal1103401,2020-07-13T01:33:52Z,"atl hip hop,melodic rap,rap,trap,atl trap,gangster rap",0.888,0.517,8,-8.852,1,0.335,0.361,0,0.0925,0.738,140.015,4
2U5cq89GCnsR1yixKkC8d5,"6ywXRaHY7m2DJ0dd7CsLAB","Barking","Barking","Ramz",2017-12-01,202826,67,spotify:user:rmal1103401,2020-07-13T01:35:09Z,"afroswing,london rap,uk hip hop",0.45,0.465,7,-7.867,0,0.268,0.185,0,0.0782,0.788,70.231,3
0VgkVdmE4gld66l8iyGjgx,"1RyvyyTE3xzB2ZywiAwp0i","Mask Off","FUTURE","Future",2017-06-30,204600,83,spotify:user:rmal1103401,2020-07-13T01:35:40Z,"atl hip hop,hip hop,rap,southern hip hop,trap",0.833,0.434,2,-8.795,1,0.431,0.0102,0.0219,0.165,0.281,150.062,4
4mOPVJGfWXH0wPFA6xeRDz,"2I9SLklAOG0vdMiUUMNxRl","Kyrie","88GLAM RELOADED","88GLAM",2018-04-27,204615,47,spotify:user:rmal1103401,2020-07-13T01:38:17Z,"canadian hip hop,canadian trap,melodic rap",0.714,0.63,9,-5.69,0,0.0653,0.332,0.00000156,0.11,0.366,156.112,4
4ESyocZUQ3fOlCbNP6n17i,"4Ga1P7PMIsmqEZqhYZQgDo","Bossanova","We Love You Tecca","Lil Tecca",2019-08-30,123573,61,spotify:user:rmal1103401,2020-07-13T01:38:52Z,"melodic rap,pluggnb,rap",0.717,0.493,5,-7.146,0,0.266,0.00578,0,0.156,0.258,139.833,4
1wHZx0LgzFHyeIZkUydNXq,"0Y5tJX1MQlPlqiwlOH1tJY","Antidote","Rodeo","Travis Scott",2015-09-04,262693,76,spotify:user:rmal1103401,2020-07-19T06:40:34Z,"hip hop,rap,slap house",0.713,0.526,1,-5.046,1,0.032,0.00767,0.000148,0.124,0.131,131.05,4
7wBJfHzpfI3032CSD7CE2m,"0Y5tJX1MQlPlqiwlOH1tJY","STARGAZING","ASTROWORLD","Travis Scott",2018-08-03,270714,78,spotify:user:rmal1103401,2020-07-19T06:41:32Z,"hip hop,rap,slap house",0.487,0.789,8,-3.69,1,0.044,0.00947,0.00000405,0.189,0.0564,150.007,4
2BSbCCbaSCzkOEZa6N5901,"4MCBfE4596Uoi2O4DtmEMz","Flaws And Sins","Death Race For Love","Juice WRLD",2019-03-08,218348,0,spotify:user:rmal1103401,2020-07-19T06:44:45Z,"chicago rap,melodic rap,rap",0.709,0.662,8,-4.55,1,0.0766,0.00966,0,0.108,0.439,150.046,4
3oDkdAySo1VQQG0ptV7uwa,"4MCBfE4596Uoi2O4DtmEMz","Lean Wit Me","Goodbye & Good Riddance","Juice WRLD",2018-12-10,175755,82,spotify:user:rmal1103401,2020-07-19T06:44:51Z,"chicago rap,melodic rap,rap",0.665,0.651,1,-5.515,1,0.156,0.0414,0,0.0896,0.237,163.935,4
285pBltuF7vW8TeWk8hdRR,"4MCBfE4596Uoi2O4DtmEMz","Lucid Dreams","Goodbye & Good Riddance","Juice WRLD",2018-12-10,239835,86,spotify:user:rmal1103401,2020-07-19T06:45:27Z,"chicago rap,melodic rap,rap",0.511,0.566,6,-7.23,0,0.2,0.349,0,0.34,0.218,83.903,4
3NxAG2ni1lLa8RKL6a0INc,"3TVXtAsR1Inumwj472S9r4","Childs Play","Views","Drake",2016-05-06,241400,71,spotify:user:ishakaza,2020-08-07T02:26:17Z,"canadian hip hop,canadian pop,hip hop,pop rap,rap",0.746,0.475,10,-11.243,0,0.113,0.0175,0.000011,0.197,0.292,80.006,4
1H7KnK26kc1YyellpbINEn,"0eDvMgVFoNV3TpwtrVCoTj,3q7HBObVc0L8jNeTe5Gofh,757aE44tKEUQEqRuT6GnEB","The Woo (feat. 50 Cent & Roddy Ricch)","Shoot For The Stars Aim For The Moon","Pop Smoke,50 Cent,Roddy Ricch",2020-07-03,201600,74,spotify:user:ishakaza,2020-08-07T02:27:06Z,"brooklyn drill,rap,east coast hip hop,gangster rap,hip hop,pop rap,queens hip hop,melodic rap,trap",0.49,0.618,1,-5.655,1,0.104,0.0221,0.00000377,0.259,0.286,99.7,4
7ytR5pFWmSjzHJIeQkgog4,"4r63FhuTkUYltbVAg5TQnk,757aE44tKEUQEqRuT6GnEB","ROCKSTAR (feat. Roddy Ricch)","BLAME IT ON BABY","DaBaby,Roddy Ricch",2020-04-17,181733,79,spotify:user:ishakaza,2020-08-07T02:27:16Z,"hip hop,north carolina hip hop,pop rap,rap,trap,melodic rap",0.746,0.69,11,-7.956,1,0.164,0.247,0,0.101,0.497,89.977,4
5WoaF1B5XIEnWfmb5NZikf,"360IAlyVv4PCEVjgyMZrxK,0Y5tJX1MQlPlqiwlOH1tJY","Sky Walker (feat. Travis Scott)","War & Leisure","Miguel,Travis Scott",2017-12-01,259333,75,spotify:user:ishakaza,2020-08-07T02:27:53Z,"r&b,urban contemporary,hip hop,rap,slap house",0.674,0.506,6,-10.532,1,0.0434,0.173,0,0.0866,0.183,145.965,4
0TlLq3lA83rQOYtrqBqSct,"3TVXtAsR1Inumwj472S9r4","Nonstop","Scorpion","Drake",2018-06-29,238614,81,spotify:user:ishakaza,2020-08-07T02:28:44Z,"canadian hip hop,canadian pop,hip hop,pop rap,rap",0.912,0.412,7,-8.074,1,0.123,0.0165,0.0126,0.104,0.423,154.983,4
5vDvBD3ReINP8dXUplj477,"2HUwZ0kumzCSlhFcjFZfpp","Leave Me Alone","Leave Me Alone","Flipp Dinero",2018-03-14,195637,1,spotify:user:ishakaza,2020-08-07T02:28:51Z,"melodic rap,trap",0.792,0.743,7,-2.806,1,0.0851,0.107,0,0.183,0.742,150.024,4
2ZdCrBA52bb4pIG3tOOZiQ,"4O15NlyKLIASxsJ0PrXPfz","Dark Queen","Luv Is Rage 2","Lil Uzi Vert",2017-08-25,173419,65,spotify:user:ishakaza,2020-08-07T02:29:21Z,"hip hop,melodic rap,philly rap,rage rap,rap",0.747,0.606,4,-5.286,1,0.172,0.222,0,0.281,0.2,155.055,4
3qnoOm4fwZPBS116f5hpgF,"5K4W6rqBFWDnAN6FQUkS6x","All Mine","ye","Kanye West",2018-06-01,145506,1,spotify:user:ishakaza,2020-08-07T02:29:25Z,"chicago rap,hip hop,rap",0.925,0.308,11,-6.562,0,0.338,0.125,0,0.0933,0.265,122.099,4
1uL78kFWxhz3umTMWJu8n5,"4O15NlyKLIASxsJ0PrXPfz","Sauce It Up","Luv Is Rage 2","Lil Uzi Vert",2017-08-25,207038,67,spotify:user:ishakaza,2020-08-07T02:29:29Z,"hip hop,melodic rap,philly rap,rage rap,rap",0.813,0.528,6,-6.305,0,0.313,0.0715,0,0.125,0.131,79.532,4
1wJRveJZLSb1rjhnUHQiv6,"31W5EY0aAly4Qieq6OFu6I,7gZfnEnfiaHzxARJ2LeXrf","Swervin (feat. 6ix9ine)","Hoodie SZN","A Boogie Wit da Hoodie,6ix9ine",2018-12-21,189486,75,spotify:user:ishakaza,2020-08-07T02:29:49Z,"melodic rap,rap,trap,emo rap",0.581,0.662,9,-5.239,1,0.303,0.0153,0,0.111,0.434,93.023,4
2IRZnDFmlqMuOrYOLnZZyc,"20sxb77xiYeusSH8cVdatc,3TVXtAsR1Inumwj472S9r4","Going Bad (feat. Drake)","Championships","Meek Mill,Drake",2018-11-30,180522,81,spotify:user:ishakaza,2020-08-07T02:29:52Z,"hip hop,philly rap,pop rap,rap,southern hip hop,trap,canadian hip hop,canadian pop",0.889,0.496,4,-6.365,0,0.0905,0.259,0,0.252,0.544,86.003,4
0B8QzDH7YWih85V5SEMnyJ,"4O15NlyKLIASxsJ0PrXPfz","Money Longer","Lil Uzi Vert vs. The World","Lil Uzi Vert",2016-05-27,198944,76,spotify:user:ishakaza,2020-08-07T02:29:57Z,"hip hop,melodic rap,philly rap,rage rap,rap",0.795,0.568,5,-7.817,0,0.142,0.0541,0,0.108,0.478,136.173,4
6uSSupG4TMu3vW8QgynAB6,"31W5EY0aAly4Qieq6OFu6I,5LHRHt1k9lMyONurDHEdrp,4DdkRBBYG6Yk9Ka8tdJ9BW","Startender (feat. Offset and Tyga)","Startender (feat. Offset and Tyga)","A Boogie Wit da Hoodie,Tyga,Offset",2018-12-14,192779,50,spotify:user:ishakaza,2020-08-07T02:30:15Z,"melodic rap,rap,trap,hip hop,pop rap,atl hip hop",0.736,0.622,6,-4.653,0,0.133,0.0235,0,0.151,0.506,191.971,4
3k8M6cCVi3q0gthqFy7TLc,"5zctI4wO9XSKS8XwcnqEHk","Burberry Headband","Northsbest","Lil Mosey",2018-10-19,146225,0,spotify:user:ishakaza,2020-08-07T02:30:46Z,"melodic rap,rap conscient",0.714,0.647,8,-6.865,1,0.037,0.598,0,0.0943,0.67,150.992,4
2sNrTfdjbYiLL5xtYwUALB,"50co4Is1HCEo8bhOyUWKpn","Icey","On the Run","Young Thug",2018-09-24,232146,43,spotify:user:ishakaza,2020-08-07T02:31:00Z,"atl hip hop,atl trap,gangster rap,melodic rap,rap,trap",0.796,0.357,1,-11.678,1,0.344,0.0075,0,0.0966,0.454,150.039,4
34Jnbbi34tPtYdutY5Pd6G,"31W5EY0aAly4Qieq6OFu6I,5SulO4l40qDuV9zUGLZx7n","Look Back at It (feat. CAPO PLAZA)","Look Back at It (feat. CAPO PLAZA)","A Boogie Wit da Hoodie,Capo Plaza",2019-06-07,225541,57,spotify:user:ishakaza,2020-08-07T02:31:11Z,"melodic rap,rap,trap,italian hip hop,italian pop,trap italiana",0.786,0.552,1,-8.189,1,0.0944,0.423,0,0.0873,0.551,96.025,4
2A4vCndSkZ3jd5nfh3a8gc,"31W5EY0aAly4Qieq6OFu6I","Skeezers","Hoodie SZN","A Boogie Wit da Hoodie",2018-12-21,198053,64,spotify:user:ishakaza,2020-08-07T02:31:22Z,"melodic rap,rap,trap",0.792,0.484,7,-7.801,0,0.155,0.558,0,0.134,0.353,140.019,4
0c7K73roy6RW4ebDkf4yGh,"6fWVd57NKTalqvmjRd2t8Z","VALENTINO","VALENTINO","24kGoldn",2019-01-25,179133,54,spotify:user:ishakaza,2020-08-07T02:31:26Z,"cali rap,pop rap",0.744,0.718,9,-4.853,0,0.181,0.197,0,0.134,0.549,151.098,4
0Fpen1PTuEnCmOJtUU9Iud,"4O15NlyKLIASxsJ0PrXPfz","New Patek","New Patek","Lil Uzi Vert",2018-09-18,343099,65,spotify:user:ishakaza,2020-08-07T02:31:34Z,"hip hop,melodic rap,philly rap,rage rap,rap",0.85,0.785,8,-4.963,0,0.345,0.0367,0,0.155,0.718,145.063,4
2E124GmJRnBJuXbTb4cPUB,"7gZfnEnfiaHzxARJ2LeXrf,0hCNtLu0JehylgoiP8L4Gh,3CbYyyd8wH3RT6t0jwpdzC","FEFE (feat. Nicki Minaj & Murda Beatz)","FEFE (feat. Nicki Minaj & Murda Beatz)","6ix9ine,Nicki Minaj,Murda Beatz",2018-07-22,179404,6,spotify:user:ishakaza,2020-08-07T02:31:47Z,"emo rap,hip pop,pop,queens hip hop,rap,canadian hip hop,canadian trap",0.931,0.387,1,-9.127,1,0.412,0.088,0,0.136,0.376,125.978,4
6vN77lE9LK6HP2DewaN6HZ,"5f7VJjfbwm532GiveGC0ZK,3TVXtAsR1Inumwj472S9r4","Yes Indeed","Harder Than Ever","Lil Baby,Drake",2018-05-18,142273,83,spotify:user:ishakaza,2020-08-07T02:31:56Z,"atl hip hop,atl trap,rap,trap,canadian hip hop,canadian pop,hip hop,pop rap",0.963,0.346,5,-9.309,0,0.53,0.0355,0,0.108,0.562,119.957,4
57vxBYXtHMk6H1aD29V7PU,"1Xyo4u8uXC1ZmMpatF05PJ","Heartless","Heartless","The Weeknd",2019-11-27,200080,12,spotify:user:ishakaza,2020-08-07T02:32:08Z,"canadian contemporary r&b,canadian pop,pop",0.531,0.75,10,-5.831,0,0.111,0.00632,0.000076,0.117,0.198,169.954,4
07KXEDMj78x68D884wgVEm,"757aE44tKEUQEqRuT6GnEB,0YinUQ50QDB7ZxSCLyQ40k","High Fashion (feat. Mustard)","Please Excuse Me for Being Antisocial","Roddy Ricch,Mustard",2019-12-06,220486,72,spotify:user:ishakaza,2020-08-07T02:32:21Z,"melodic rap,rap,trap,cali rap,pop rap,southern hip hop",0.831,0.499,11,-8.442,0,0.114,0.269,0,0.3,0.511,97.956,4
1Gno5IBUHh6vUKp4nxu2Yd,"31W5EY0aAly4Qieq6OFu6I","Love Drugs and Sex","Hoodie SZN","A Boogie Wit da Hoodie",2018-12-21,157862,68,spotify:user:ishakaza,2020-08-07T02:32:25Z,"melodic rap,rap,trap",0.762,0.553,5,-7.207,0,0.112,0.55,0,0.115,0.773,119.973,4
5wujBwqG7INdStqGd4tRMX,"4MCBfE4596Uoi2O4DtmEMz","Armed And Dangerous","Goodbye & Good Riddance","Juice WRLD",2018-12-10,169999,79,spotify:user:ishakaza,2020-08-07T02:32:40Z,"chicago rap,melodic rap,rap",0.736,0.67,10,-6.702,1,0.311,0.186,0,0.114,0.845,130.032,4
7pMRoGLEJuFM2wl5pt0R99,"4DdkRBBYG6Yk9Ka8tdJ9BW,0Y5tJX1MQlPlqiwlOH1tJY,1URnnhqYAYcrqrcwql10ft","Legacy (feat. Travis Scott & 21 Savage)","FATHER OF 4","Offset,Travis Scott,21 Savage",2019-02-22,244941,64,spotify:user:ishakaza,2020-08-07T02:32:45Z,"atl hip hop,hip hop,pop rap,rap,trap,slap house",0.844,0.513,1,-8.769,1,0.335,0.178,0,0.0845,0.344,128.085,4
6GSkLS2y4ZnnZsuRAj975K,"64KEffDW9EtZ1y2vBYgq8T,757aE44tKEUQEqRuT6GnEB","Project Dreams","Project Dreams","Marshmello,Roddy Ricch",2019-01-25,167898,65,spotify:user:ishakaza,2020-08-07T02:32:56Z,"brostep,edm,pop,progressive electro house,melodic rap,rap,trap",0.78,0.828,8,-2.235,1,0.237,0.409,0,0.104,0.786,160.113,4
3QzAOrNlsabgbMwlZt7TAY,"0YinUQ50QDB7ZxSCLyQ40k,757aE44tKEUQEqRuT6GnEB","Ballin' (with Roddy Ricch)","Perfect Ten","Mustard,Roddy Ricch",2019-06-28,180434,80,spotify:user:ishakaza,2020-08-07T02:33:00Z,"cali rap,pop rap,rap,southern hip hop,trap,melodic rap",0.809,0.545,7,-6.678,1,0.0735,0.392,0,0.151,0.244,97.008,4
733c1CWmIGymoQXdp7Us88,"31W5EY0aAly4Qieq6OFu6I,5Nf5yishRW9Ye174sJISkg,757aE44tKEUQEqRuT6GnEB,2hlmm7s2ICUX0LVIhVFlZQ","Numbers (feat. Roddy Ricch, Gunna and London On Da Track)","Artist 2.0","A Boogie Wit da Hoodie,London On Da Track,Roddy Ricch,Gunna",2020-02-14,188563,64,spotify:user:ishakaza,2020-08-07T02:33:14Z,"melodic rap,rap,trap,atl hip hop",0.819,0.654,11,-6.665,0,0.136,0.517,0,0.0996,0.455,133.503,4
1a7WZZZH7LzyvorhpOJFTe,"4MCBfE4596Uoi2O4DtmEMz,4O15NlyKLIASxsJ0PrXPfz","Wasted (feat. Lil Uzi Vert)","Goodbye & Good Riddance","Juice WRLD,Lil Uzi Vert",2018-12-10,258475,77,spotify:user:ishakaza,2020-08-07T02:33:22Z,"chicago rap,melodic rap,rap,hip hop,philly rap,rage rap",0.742,0.579,0,-5.024,1,0.202,0.0381,0,0.0952,0.502,144.994,4
2Jh3UqxnHJMyzMzku4uOtE,"4MCBfE4596Uoi2O4DtmEMz","Feeling","Death Race For Love","Juice WRLD",2019-03-08,201920,0,spotify:user:ishakaza,2020-08-07T02:33:54Z,"chicago rap,melodic rap,rap",0.712,0.515,10,-6.004,0,0.0857,0.234,0,0.205,0.563,160,4
3L19besdNQzd342qL78xqm,"31W5EY0aAly4Qieq6OFu6I,4MCBfE4596Uoi2O4DtmEMz","Demons and Angels (feat. Juice WRLD)","Hoodie SZN","A Boogie Wit da Hoodie,Juice WRLD",2018-12-21,214592,70,spotify:user:ishakaza,2020-08-07T02:33:57Z,"melodic rap,rap,trap,chicago rap",0.81,0.55,2,-7.46,0,0.17,0.0114,0.00000569,0.107,0.183,76.503,4
5NqOsPI4rA9Bl6LcCftzI2,"7d3WFRME3vBY2cgoP38RDo","Magic","Magic","Lil Skies",2019-07-24,182337,67,spotify:user:ishakaza,2020-08-07T02:34:02Z,"melodic rap",0.647,0.706,6,-6.023,0,0.137,0.264,0,0.114,0.577,153.973,4
6ztvsy3C6hPjVg9j4x1XKJ,"757aE44tKEUQEqRuT6GnEB,31W5EY0aAly4Qieq6OFu6I","Tip Toe (feat. A Boogie Wit da Hoodie)","Please Excuse Me for Being Antisocial","Roddy Ricch,A Boogie Wit da Hoodie",2019-12-06,185806,58,spotify:user:ishakaza,2020-08-07T02:34:05Z,"melodic rap,rap,trap",0.757,0.673,1,-8.513,1,0.141,0.095,0,0.338,0.574,92.958,3
4uhvMW7ly7tJil31YYscAN,"4O15NlyKLIASxsJ0PrXPfz","Erase Your Social","The Perfect LUV Tape","Lil Uzi Vert",2016-08-10,199993,74,spotify:user:ishakaza,2020-08-07T02:34:08Z,"hip hop,melodic rap,philly rap,rage rap,rap",0.705,0.609,3,-5.728,1,0.0729,0.694,0,0.234,0.718,140.058,4
37F0uwRSrdzkBiuj0D5UHI,"1Xyo4u8uXC1ZmMpatF05PJ","Reminder","Starboy","The Weeknd",2016-11-25,218880,88,spotify:user:ishakaza,2020-08-07T02:34:11Z,"canadian contemporary r&b,canadian pop,pop",0.706,0.505,8,-6.923,1,0.193,0.142,0,0.164,0.388,160.053,4
13JyykwyYQ3T5QxxL34ukQ,"2cFrymmkijnjDg9SS92EPM","chateau","digital druglord","blackbear",2017-04-21,212926,0,spotify:user:ishakaza,2020-08-07T02:34:29Z,"pop",0.667,0.635,11,-5.761,0,0.0518,0.0503,0,0.367,0.478,98.011,4
7zxRMhXxJMQCeDDg0rKAVo,"7rkW85dBwwrJtlHRDkJDAC,1Xyo4u8uXC1ZmMpatF05PJ","Some Way","NAV","NAV,The Weeknd",2017-02-24,179773,74,spotify:user:ishakaza,2020-08-07T02:35:43Z,"canadian hip hop,canadian trap,melodic rap,rap,trap,canadian contemporary r&b,canadian pop,pop",0.744,0.715,0,-6.103,1,0.351,0.101,0,0.0919,0.34,154.962,4
1K5KBOgreBi5fkEHvg5ap3,"1RyvyyTE3xzB2ZywiAwp0i,3TVXtAsR1Inumwj472S9r4","Life Is Good (feat. Drake)","High Off Life","Future,Drake",2020-05-15,237918,75,spotify:user:rmal1103401,2020-08-07T04:12:15Z,"atl hip hop,hip hop,rap,southern hip hop,trap,canadian hip hop,canadian pop,pop rap",0.795,0.574,2,-6.903,0,0.487,0.067,0,0.15,0.537,142.053,4
6wQlQrTY5mVS8EGaFZVwVF,"4MCBfE4596Uoi2O4DtmEMz,1Xyo4u8uXC1ZmMpatF05PJ","Smile (with The Weeknd)","Legends Never Die","Juice WRLD,The Weeknd",2020-07-10,196180,71,spotify:user:rmal1103401,2020-08-13T15:44:52Z,"chicago rap,melodic rap,rap,canadian contemporary r&b,canadian pop,pop",0.694,0.685,6,-6.535,0,0.133,0.224,0,0.124,0.306,158.831,4
0PvFJmanyNQMseIFrU708S,"0eDvMgVFoNV3TpwtrVCoTj,5f7VJjfbwm532GiveGC0ZK,4r63FhuTkUYltbVAg5TQnk","For The Night (feat. Lil Baby & DaBaby)","Shoot For The Stars Aim For The Moon","Pop Smoke,Lil Baby,DaBaby",2020-07-03,190476,80,spotify:user:rmal1103401,2020-08-13T15:45:03Z,"brooklyn drill,rap,atl hip hop,atl trap,trap,hip hop,north carolina hip hop,pop rap",0.823,0.586,6,-6.606,0,0.2,0.114,0,0.193,0.347,125.971,4
25zlnOAzbVoOzIeXSvQFf1,"0eDvMgVFoNV3TpwtrVCoTj","Got It On Me","Shoot For The Stars Aim For The Moon","Pop Smoke",2020-07-03,164579,77,spotify:user:rmal1103401,2020-08-13T15:48:10Z,"brooklyn drill,rap",0.688,0.647,2,-7.258,1,0.19,0.00815,0.0000165,0.095,0.195,88.834,4
2aWVaW1p2kUc5yuKwBmRJi,"2LIk90788K0zvyj2JJVwkJ,0UcXjTpzt0DmIwPSNwlJfF","I WANNA SEE SOME ASS (feat. jetsonmade)","Sweet Action","Jack Harlow,jetsonmade",2020-03-13,125302,73,spotify:user:rmal1103401,2020-10-16T22:22:19Z,"deep underground hip hop,kentucky hip hop,pop rap,rap",0.899,0.691,0,-7.554,1,0.0497,0.18,0.000451,0.135,0.865,107.951,4
1Z0cZI0UzNbP9L8MzzGxqf,"0ErzCpIMyLcjPiwT4elrtZ,757aE44tKEUQEqRuT6GnEB","Walk Em Down (feat. Roddy Ricch)","Top Shotta","NLE Choppa,Roddy Ricch",2020-08-10,173288,78,spotify:user:rmal1103401,2020-10-19T03:08:00Z,"memphis hip hop,rap,melodic rap,trap",0.867,0.744,2,-5.171,1,0.227,0.268,0,0.0713,0.645,84.005,4
7eBqSVxrzQZtK2mmgRG6lC,"1cNDP5yjU5vjeR8qMf4grg","Murder on My Mind","I AM YOU","YNW Melly",2018-08-03,268434,81,spotify:user:rmal1103401,2020-10-21T16:04:36Z,"melodic rap,rap",0.759,0.73,0,-7.985,0,0.0516,0.145,0.00000306,0.11,0.74,115.007,4
7IMwEtpAiJanqF6vQteZN2,"7rkW85dBwwrJtlHRDkJDAC,2hlmm7s2ICUX0LVIhVFlZQ,0Y5tJX1MQlPlqiwlOH1tJY","Turks (with Gunna & ft. Travis Scott)","Good Intentions","NAV,Gunna,Travis Scott",2020-05-08,161319,67,spotify:user:rmal1103401,2020-10-21T16:04:43Z,"canadian hip hop,canadian trap,melodic rap,rap,trap,atl hip hop,hip hop,slap house",0.894,0.618,7,-4.356,0,0.129,0.0808,0,0.558,0.379,119.1,4
7oJrVhiTPZGBXWPwhxjy9S,"7d3WFRME3vBY2cgoP38RDo","Lust","Life of a Dark Rose","Lil Skies",2017-12-12,156000,76,spotify:user:rmal1103401,2020-10-21T16:05:13Z,"melodic rap",0.718,0.767,9,-5.641,1,0.166,0.138,0,0.114,0.519,160.084,4
0AluA5RNsa4Cx6XRhf2hWZ,"0iEtIxbK0KxaSlF7G42ZOp,1URnnhqYAYcrqrcwql10ft","10 Freaky Girls (with 21 Savage)","NOT ALL HEROES WEAR CAPES (Deluxe)","Metro Boomin,21 Savage",2018-11-06,208293,80,spotify:user:rmal1103401,2020-10-21T16:06:06Z,"rap,atl hip hop,hip hop",0.81,0.353,6,-9.931,0,0.31,0.588,0,0.102,0.0727,88.031,4
2SAqBLGA283SUiwJ3xOUVI,"3TVXtAsR1Inumwj472S9r4,3hcs9uc56yIGFCSy9leWe7","Laugh Now Cry Later (feat. Lil Durk)","Laugh Now Cry Later (feat. Lil Durk)","Drake,Lil Durk",2020-08-14,261492,80,spotify:user:rmal1103401,2020-10-21T16:06:17Z,"canadian hip hop,canadian pop,hip hop,pop rap,rap,chicago drill,chicago rap,drill,trap",0.761,0.518,0,-8.871,1,0.134,0.244,0.0000347,0.107,0.522,133.976,4
7EAaSaj1OgZgMX5yZyFXFC,"2jku7tDXc6XoB6MO2hFuqg","Freaky","LoVE me NOw (ReLoAdeD)","Tory Lanez",2018-10-26,173926,54,spotify:user:rmal1103401,2020-10-21T16:06:26Z,"canadian hip hop,canadian trap,melodic rap,pop rap,r&b,rap,trap",0.966,0.563,8,-5.764,1,0.0618,0.00202,0,0.105,0.363,104.991,4
5nayhWICkQGMTkisxVMbRw,"699OTQXzgjhIYAHMy9RyPD","FlatBed Freestyle","Die Lit","Playboi Carti",2018-05-11,193973,70,spotify:user:rmal1103401,2020-10-21T16:06:51Z,"atl hip hop,plugg,pluggnb,rage rap,rap",0.755,0.552,9,-5.604,1,0.288,0.0967,0,0.158,0.402,153.157,4
0JP9xo3adEtGSdUEISiszL,"15UsOTVnJzReFVN1VCnxy4","Moonlight","?","XXXTENTACION",2018-03-16,135090,84,spotify:user:rmal1103401,2020-10-21T16:07:11Z,"emo rap,miami hip hop,rap",0.921,0.537,9,-5.723,0,0.0804,0.556,0.00404,0.102,0.711,128.009,4
0wwPcA6wtMf6HUMpIRdeP7,"3TVXtAsR1Inumwj472S9r4","Hotline Bling","Views","Drake",2016-05-06,267066,81,spotify:user:rmal1103401,2020-10-21T16:07:29Z,"canadian hip hop,canadian pop,hip hop,pop rap,rap",0.891,0.628,2,-7.863,1,0.0551,0.00258,0.00019,0.0504,0.552,134.966,4
77Xwqkw7VrV8E5FCq9JhO8,"4Ga1P7PMIsmqEZqhYZQgDo,4O15NlyKLIASxsJ0PrXPfz","Dolly (with Lil Uzi Vert)","Virgo World","Lil Tecca,Lil Uzi Vert",2020-09-18,179813,57,spotify:user:rmal1103401,2020-10-21T16:08:39Z,"melodic rap,pluggnb,rap,hip hop,philly rap,rage rap",0.664,0.586,7,-7.813,0,0.238,0.212,0,0.216,0.589,88.502,5
6EDO9iiTtwNv6waLwa1UUq,"0QHgL1lAIqAw0HtD7YldmP,3TVXtAsR1Inumwj472S9r4","POPSTAR (feat. Drake)","POPSTAR (feat. Drake)","DJ Khaled,Drake",2020-07-17,200221,73,spotify:user:rmal1103401,2020-10-31T16:20:30Z,"hip hop,miami hip hop,pop rap,rap,canadian hip hop,canadian pop",0.8,0.56,5,-4.818,0,0.261,0.057,0,0.134,0.45,163.071,4
4jTiyLlOJVJj3mCr7yfPQD,"7iZtZyCzp3LItcw1wtPI3D","This Could Be Us","SremmLife","Rae Sremmurd",2015-01-06,206306,80,spotify:user:rmal1103401,2020-10-31T16:20:40Z,"melodic rap,mississippi hip hop,pop rap,rap,trap",0.732,0.69,0,-4.992,0,0.134,0.291,0,0.116,0.758,143.072,4
0VZe8C7xgAIQC0E0qEVIEh,"31W5EY0aAly4Qieq6OFu6I","Mood Swings","Artist 2.0","A Boogie Wit da Hoodie",2020-02-14,156960,59,spotify:user:rmal1103401,2020-10-31T16:20:55Z,"melodic rap,rap,trap",0.941,0.676,4,-5.54,0,0.0936,0.211,0.00000464,0.0986,0.93,120.073,4
2Yr2BzqNDpIh0YQcnFqM09,"0sHIsJteyLhBYwKgF3Vfg2,15UsOTVnJzReFVN1VCnxy4","VOICES (feat. XXXTENTACION)","VOICES (feat. XXXTENTACION)","Skye,XXXTENTACION",2019-10-31,155992,56,spotify:user:rmal1103401,2020-10-31T16:21:13Z,"emo rap,miami hip hop,rap",0.678,0.672,0,-5.688,1,0.0302,0.00959,0,0.0868,0.625,136.933,4
11p2ty4w5GpoFL4vcK0Cru,"7d3WFRME3vBY2cgoP38RDo","Name in the Sand","Shelby","Lil Skies",2019-03-01,168751,59,spotify:user:rmal1103401,2020-10-31T16:21:45Z,"melodic rap",0.646,0.656,11,-6.798,0,0.0743,0.0949,0,0.103,0.501,160.065,4
6P044Uja1fjxwqXOTT2QO4,"6jGMq4yGs7aQzuGsMgVgZR,2eqoJbzUGDwys5ENUkbT3h","My City","State of Emergency","Lil Tjay,J.I the Prince of N.Y",2020-05-08,182517,51,spotify:user:rmal1103401,2020-10-31T16:22:01Z,"brooklyn drill,melodic rap,nyc rap,rap",0.563,0.584,2,-6.838,0,0.203,0.157,0,0.165,0.335,167.022,4
0PJIbOdMs3bd5AT8liULMQ,"3KV3p5EY4AvKxOlhGHORLg","oui","Late Nights: The Album","Jeremih",2015-12-04,238320,78,spotify:user:rmal1103401,2020-10-31T16:22:09Z,"chicago rap,pop rap,r&b,trap,urban contemporary",0.418,0.724,5,-3.724,1,0.0964,0.213,0,0.112,0.604,78.521,5
4DuUwzP4ALMqpquHU0ltAB,"2LIk90788K0zvyj2JJVwkJ","Tyler Herro","Tyler Herro","Jack Harlow",2020-10-22,156497,67,spotify:user:rmal1103401,2020-11-06T15:24:20Z,"deep underground hip hop,kentucky hip hop,pop rap,rap",0.794,0.756,5,-7.16,0,0.136,0.11,0,0.247,0.775,123.066,4
5wMh9hhqKQ4JfqLuvqAC7s,"6vXTefBL93Dj5IqAWq6OTv,2jku7tDXc6XoB6MO2hFuqg","Cold (feat. Tory Lanez)","Cold (feat. Tory Lanez)","French Montana,Tory Lanez",2020-05-01,219464,54,spotify:user:rmal1103401,2020-11-06T15:31:03Z,"hip hop,pop rap,rap,southern hip hop,trap,canadian hip hop,canadian trap,melodic rap,r&b",0.881,0.785,2,-5.4,1,0.102,0.0121,0,0.0849,0.178,105.972,4
1rlIrbWboTRGeKfHhgbJRZ,"0VRj0yCOv2FXJNP47XQnx5,3TVXtAsR1Inumwj472S9r4","FLIP THE SWITCH (feat. Drake)","QUAVO HUNCHO","Quavo,Drake",2018-10-12,156195,66,spotify:user:rmal1103401,2020-11-09T19:18:09Z,"atl hip hop,melodic rap,rap,trap,canadian hip hop,canadian pop,hip hop,pop rap",0.853,0.637,3,-5.924,0,0.331,0.129,0,0.267,0.496,86.048,4
2xLMifQCjDGFmkHkpNLD9h,"0Y5tJX1MQlPlqiwlOH1tJY","SICKO MODE","ASTROWORLD","Travis Scott",2018-08-03,312820,86,spotify:user:rmal1103401,2020-11-09T19:18:49Z,"hip hop,rap,slap house",0.834,0.73,8,-3.714,1,0.222,0.00513,0,0.124,0.446,155.008,4
4TWflhgevIGo448fWc6mQq,"4DdkRBBYG6Yk9Ka8tdJ9BW","Red Room","FATHER OF 4","Offset",2019-02-22,241440,61,spotify:user:rmal1103401,2020-11-09T19:18:55Z,"atl hip hop,hip hop,pop rap,rap,trap",0.936,0.559,7,-8.587,0,0.157,0.479,0,0.128,0.527,112.347,4
56uXDJRCuoS7abX3SkzHKQ,"4O15NlyKLIASxsJ0PrXPfz","Myron","Eternal Atake (Deluxe) - LUV vs. The World 2","Lil Uzi Vert",2020-03-13,224954,71,spotify:user:rmal1103401,2020-11-09T19:19:02Z,"hip hop,melodic rap,philly rap,rage rap,rap",0.771,0.654,8,-6.976,0,0.298,0.055,0,0.214,0.573,155.047,4
6klLvorLoo1sxvZcjJIY8I,"7wlFDEWiM5OoIAt8RSli8b","Make No Sense","AI YoungBoy 2","YoungBoy Never Broke Again",2019-10-11,148629,78,spotify:user:rmal1103401,2020-11-09T19:19:12Z,"baton rouge rap,rap",0.876,0.733,10,-4.478,0,0.333,0.0208,0,0.0999,0.962,154.904,4
59J5nzL1KniFHnU120dQzt,"699OTQXzgjhIYAHMy9RyPD,4O15NlyKLIASxsJ0PrXPfz","wokeuplikethis*","Playboi Carti","Playboi Carti,Lil Uzi Vert",2017-04-14,235535,75,spotify:user:rmal1103401,2020-11-09T19:19:33Z,"atl hip hop,plugg,pluggnb,rage rap,rap,hip hop,melodic rap,philly rap",0.785,0.62,8,-6.667,1,0.254,0.0138,0,0.15,0.478,78.477,4
62vpWI1CHwFy7tMIcSStl8,"6l3HvQ5sa6mXTsMTB19rO5","No Role Modelz","2014 Forest Hills Drive","J. Cole",2014-12-09,292986,10,spotify:user:rmal1103401,2020-11-09T19:19:36Z,"conscious hip hop,hip hop,north carolina hip hop,rap",0.692,0.521,10,-8.465,0,0.33,0.301,0,0.0565,0.463,100.45,4
4Kz4RdRCceaA9VgTqBhBfa,"3TVXtAsR1Inumwj472S9r4,55Aa2cqylxrFIXC767Z865","The Motto","Take Care (Deluxe)","Drake,Lil Wayne",2011-11-15,181573,77,spotify:user:rmal1103401,2020-12-28T17:52:08Z,"canadian hip hop,canadian pop,hip hop,pop rap,rap,new orleans rap,trap",0.766,0.442,1,-8.558,1,0.356,0.000107,0.0000612,0.111,0.39,201.8,4
57BGVV6wcyhbn3hsjlqEZB,"0eDvMgVFoNV3TpwtrVCoTj","Element","Meet The Woo 2","Pop Smoke",2020-02-07,135746,79,spotify:user:rmal1103401,2020-12-28T17:52:14Z,"brooklyn drill,rap",0.772,0.878,2,-4.22,1,0.324,0.0301,0.00000218,0.251,0.305,61.311,5
2FhEj9lvEIaJihjFprRrGt,"0eDvMgVFoNV3TpwtrVCoTj,0VRj0yCOv2FXJNP47XQnx5,1RyvyyTE3xzB2ZywiAwp0i","Snitching (feat. Quavo & Future)","Shoot For The Stars Aim For The Moon","Pop Smoke,Quavo,Future",2020-07-03,259346,56,spotify:user:rmal1103401,2020-12-28T17:52:21Z,"brooklyn drill,rap,atl hip hop,melodic rap,trap,hip hop,southern hip hop",0.944,0.579,8,-4.961,1,0.191,0.0381,0,0.253,0.769,135.033,4
5vGLcdRuSbUhD8ScwsGSdA,"7arQA31aZVS8yS6zUveWzb","Whoopty","Whoopty","CJ",2020-08-20,123262,72,spotify:user:rmal1103401,2020-12-28T17:52:24Z,"nyc rap",0.719,0.648,3,-7.6,0,0.125,0.2,0,0.127,0.66,140.201,4
3McTpsUQfEDrlNd2ikro2E,"1MXZ0hsGic96dWRDKwAwdr,2hlmm7s2ICUX0LVIhVFlZQ,137W8MRPWKqSmrBGDBFSop","All the Smoke (feat. Gunna & Wiz Khalifa)","All the Smoke (feat. Gunna & Wiz Khalifa)","Tyla Yaweh,Gunna,Wiz Khalifa",2020-12-18,211237,55,spotify:user:rmal1103401,2020-12-28T17:52:30Z,"cali rap,melodic rap,atl hip hop,rap,trap,hip hop,pittsburgh rap,pop rap,southern hip hop",0.712,0.822,6,-3.728,0,0.131,0.0321,0,0.239,0.469,91.011,4
0i07eiCpmj8MkXkf2Xu6lv,"4ke9HXbejpYVMhbOjSa4le,2hlmm7s2ICUX0LVIhVFlZQ,3uJx5SnOM59Li7lCxA3b29","Drip Day N Night (feat. Gunna & Lil Keed)","Hood Baby 2","Lil Gotit,Gunna,Lil Keed",2020-04-24,195887,0,spotify:user:rmal1103401,2020-12-28T17:52:39Z,"atl trap,trap,atl hip hop,melodic rap,rap",0.872,0.515,1,-10.14,1,0.25,0.338,0,0.0887,0.515,129.961,4
2r6OAV3WsYtXuXjvJ1lIDi,"0eDvMgVFoNV3TpwtrVCoTj,31W5EY0aAly4Qieq6OFu6I","Hello (feat. A Boogie Wit da Hoodie)","Shoot For The Stars Aim For The Moon (Deluxe)","Pop Smoke,A Boogie Wit da Hoodie",2020-07-20,190534,77,spotify:user:rmal1103401,2020-12-28T17:52:56Z,"brooklyn drill,rap,melodic rap,trap",0.905,0.647,10,-5.065,0,0.107,0.0187,0,0.282,0.367,130.97,4
6BYPomivIjWbWAvrhplZCx,"0eDvMgVFoNV3TpwtrVCoTj,1zNqQNIdeOUZHb8zbZRFMX","Creature (feat. Swae Lee)","Shoot For The Stars Aim For The Moon (Deluxe)","Pop Smoke,Swae Lee",2020-07-20,202815,46,spotify:user:rmal1103401,2020-12-28T17:52:59Z,"brooklyn drill,rap,melodic rap,trap",0.794,0.717,7,-5.73,1,0.251,0.0511,0,0.195,0.372,141.881,4
4Q34FP1AT7GEl9oLgNtiWj,"1URnnhqYAYcrqrcwql10ft,0iEtIxbK0KxaSlF7G42ZOp,3TVXtAsR1Inumwj472S9r4","Mr. Right Now (feat. Drake)","SAVAGE MODE II","21 Savage,Metro Boomin,Drake",2020-10-02,193838,74,spotify:user:rmal1103401,2020-12-28T17:53:04Z,"atl hip hop,hip hop,rap,canadian hip hop,canadian pop,pop rap",0.647,0.667,5,-5.563,1,0.304,0.231,0,0.133,0.704,172.08,4
1T40GpRFJiUIulCqLpAe4v,"1RyvyyTE3xzB2ZywiAwp0i,4O15NlyKLIASxsJ0PrXPfz","Sleeping On The Floor","Pluto x Baby Pluto (Deluxe)","Future,Lil Uzi Vert",2020-11-13,167397,44,spotify:user:rmal1103401,2020-12-28T17:53:09Z,"atl hip hop,hip hop,rap,southern hip hop,trap,melodic rap,philly rap,rage rap",0.851,0.621,11,-6.679,1,0.362,0.0233,0,0.161,0.532,150.969,4
0k7wmahjkn389wAZdz19Cv,"1RyvyyTE3xzB2ZywiAwp0i,4O15NlyKLIASxsJ0PrXPfz","Drankin N Smokin","Pluto x Baby Pluto","Future,Lil Uzi Vert",2020-11-13,213520,72,spotify:user:rmal1103401,2020-12-28T17:53:14Z,"atl hip hop,hip hop,rap,southern hip hop,trap,melodic rap,philly rap,rage rap",0.752,0.658,0,-6.297,1,0.342,0.0421,0,0.0927,0.387,151.951,4
79Dpa6xXRNsXzMueN8BvAg,"2hlmm7s2ICUX0LVIhVFlZQ","On A Mountain","Drip or Drown 2","Gunna",2019-02-22,175721,48,spotify:user:rmal1103401,2020-12-28T17:53:20Z,"atl hip hop,melodic rap,rap,trap",0.787,0.552,4,-7.676,0,0.0685,0.0808,0,0.102,0.21,81.987,4
0ESJlaM8CE1jRWaNtwSNj8,"0Y5tJX1MQlPlqiwlOH1tJY","beibs in the trap","Birds In The Trap Sing McKnight","Travis Scott",2016-09-16,213863,71,spotify:user:rmal1103401,2021-05-06T17:08:35Z,"hip hop,rap,slap house",0.743,0.571,7,-6.054,0,0.145,0.24,0,0.291,0.495,119.054,4
2t8yVaLvJ0RenpXUIAC52d,"1URnnhqYAYcrqrcwql10ft","a lot","i am > i was","21 Savage",2018-12-21,288624,83,spotify:user:rmal1103401,2021-05-06T17:08:51Z,"atl hip hop,hip hop,rap",0.837,0.636,1,-7.643,1,0.086,0.0395,0.00125,0.342,0.274,145.972,4
6aHoPULNO7pSL2ZfUY0bU8,"2SJhf6rTOU53g8yBdAjPby","Knock Knock","Angelic 7","SoFaygo",2020-01-10,139728,71,spotify:user:rmal1103401,2021-05-06T17:09:45Z,"glitchcore,plugg,rage rap",0.669,0.629,1,-6.032,0,0.0657,0.0485,0,0.346,0.683,125.935,4
2BITQ360Knh6qNAOqR7Dyq,"6Xgp2XMz1fhVYe7i6yNAax,699OTQXzgjhIYAHMy9RyPD","Miss The Rage (feat. Playboi Carti)","Miss The Rage (feat. Playboi Carti)","Trippie Redd,Playboi Carti",2021-05-07,236883,58,spotify:user:rmal1103401,2021-05-26T14:21:58Z,"melodic rap,rap,trap,atl hip hop,plugg,pluggnb,rage rap",0.584,0.859,8,-5.616,1,0.121,0.0144,0,0.847,0.369,77.005,4
4x3mum2YGHtIBrgUKiNt4F,"7rkW85dBwwrJtlHRDkJDAC,5f7VJjfbwm532GiveGC0ZK","Don't Need Friends (feat. Lil Baby)","Emergency Tsunami","NAV,Lil Baby",2020-11-06,184619,62,spotify:user:rmal1103401,2021-05-26T14:22:24Z,"canadian hip hop,canadian trap,melodic rap,rap,trap,atl hip hop,atl trap",0.852,0.674,2,-4.166,1,0.211,0.0123,0,0.126,0.584,130.085,4
6rTInqW3YECMkQsBEHw4sd,"1xr2G8Hlx4QWmT9HaUbmoO,50co4Is1HCEo8bhOyUWKpn,2hlmm7s2ICUX0LVIhVFlZQ,3TVXtAsR1Inumwj472S9r4","Solid (feat. Drake)","Slime Language 2","Young Stoner Life,Young Thug,Gunna,Drake",2021-04-16,215693,71,spotify:user:rmal1103401,2021-05-26T14:22:36Z,"pop rap,atl hip hop,atl trap,gangster rap,melodic rap,rap,trap,canadian hip hop,canadian pop,hip hop",0.887,0.485,11,-9.358,0,0.2,0.0392,0,0.141,0.328,125.987,4
29TPjc8wxfz4XMn21O7VsZ,"699OTQXzgjhIYAHMy9RyPD","Sky","Whole Lotta Red","Playboi Carti",2020-12-25,193234,85,spotify:user:rmal1103401,2021-05-26T14:22:43Z,"atl hip hop,plugg,pluggnb,rage rap,rap",0.785,0.903,2,-4.184,1,0.21,0.258,0,0.169,0.565,139.98,4
65OVbaJR5O1RmwOQx0875b,"3TVXtAsR1Inumwj472S9r4,5f7VJjfbwm532GiveGC0ZK","Wants and Needs (feat. Lil Baby)","Scary Hours 2","Drake,Lil Baby",2021-03-05,192956,82,spotify:user:rmal1103401,2021-05-26T14:22:49Z,"canadian hip hop,canadian pop,hip hop,pop rap,rap,atl hip hop,atl trap,trap",0.578,0.449,1,-6.349,1,0.286,0.0618,0.00000217,0.119,0.1,136.006,4
3aQem4jVGdhtg116TmJnHz,"3TVXtAsR1Inumwj472S9r4","What’s Next","Scary Hours 2","Drake",2021-03-05,178153,73,spotify:user:rmal1103401,2021-05-26T14:22:54Z,"canadian hip hop,canadian pop,hip hop,pop rap,rap",0.781,0.594,0,-6.959,0,0.0485,0.0136,0,0.162,0.0628,129.895,4
1dg3qy5DjoJodawfOCgrTP,"6jGMq4yGs7aQzuGsMgVgZR,4DdkRBBYG6Yk9Ka8tdJ9BW,3tJoFztHeIJkJWMrx0td2f","Run It Up (feat. Offset & Moneybagg Yo)","Destined 2 Win","Lil Tjay,Offset,Moneybagg Yo",2021-04-02,232048,77,spotify:user:rmal1103401,2021-05-26T14:22:59Z,"brooklyn drill,melodic rap,nyc rap,rap,atl hip hop,hip hop,pop rap,trap,memphis hip hop,southern hip hop,tennessee hip hop",0.88,0.575,6,-6.091,1,0.163,0.415,0,0.109,0.671,120.031,4
3w1WjD2zJqjBjDz5fwqQPJ,"2LIk90788K0zvyj2JJVwkJ","Tyler Herro","Thats What They All Say","Jack Harlow",2020-12-11,156578,79,spotify:user:rmal1103401,2021-05-26T14:23:03Z,"deep underground hip hop,kentucky hip hop,pop rap,rap",0.792,0.793,5,-6.185,0,0.0841,0.0872,0,0.22,0.775,123.031,4
08QAkBRyWLUQ3UniIyMFtP,"6jGMq4yGs7aQzuGsMgVgZR,4IVAbR2w4JJNJDDRFP3E83","Calling My Phone","Calling My Phone","Lil Tjay,6LACK",2021-02-10,205458,58,spotify:user:rmal1103401,2021-05-26T14:23:22Z,"brooklyn drill,melodic rap,nyc rap,rap,atl hip hop,r&b,trap",0.908,0.388,4,-7.659,0,0.0553,0.443,0.00000226,0.135,0.197,104.944,4
500l6Cwe40hkPqS7Sf7ufY,"699OTQXzgjhIYAHMy9RyPD","Foreign","Die Lit","Playboi Carti",2018-05-11,142893,75,spotify:user:rmal1103401,2021-05-26T14:23:28Z,"atl hip hop,plugg,pluggnb,rage rap,rap",0.762,0.705,6,-5.195,0,0.164,0.0906,0,0.17,0.264,122.955,4
3cqZH3cqvfbV8wVbvHyPbG,"1URnnhqYAYcrqrcwql10ft","Red Opps","Red Opps","21 Savage",2016-05-15,163340,65,spotify:user:rmal1103401,2021-05-26T14:23:32Z,"atl hip hop,hip hop,rap",0.703,0.709,9,-6.452,1,0.402,0.00908,0,0.127,0.569,140.998,4
1u0CD4fcBUB1xrG9fNgejh,"7c0XG5cIJTrrAgEC3ULPiq,1URnnhqYAYcrqrcwql10ft","Clout (feat. 21 Savage)","Beach House 3 (Deluxe Edition)","Ty Dolla $ign,21 Savage",2018-05-11,200373,50,spotify:user:rmal1103401,2021-05-26T14:23:40Z,"hip hop,pop rap,r&b,southern hip hop,trap,trap soul,atl hip hop,rap",0.88,0.728,10,-6.939,0,0.205,0.136,0.0000542,0.337,0.715,160.976,4
4GXl8l1MfZPf2GvpyRPJBf,"50co4Is1HCEo8bhOyUWKpn,0Y5tJX1MQlPlqiwlOH1tJY","pick up the phone","pick up the phone","Young Thug,Travis Scott",2016-06-03,252262,72,spotify:user:rmal1103401,2021-05-26T14:23:56Z,"atl hip hop,atl trap,gangster rap,melodic rap,rap,trap,hip hop,slap house",0.706,0.716,7,-4.263,0,0.0768,0.115,0,0.316,0.459,136.904,4
3BZEcbdtXQSo7OrvKRJ6mb,"7jVv8c5Fj3E9VhNjxT4snq","MONTERO (Call Me By Your Name)","MONTERO (Call Me By Your Name)","Lil Nas X",2021-03-26,137875,6,spotify:user:rmal1103401,2021-05-26T14:27:07Z,"lgbtq+ hip hop",0.61,0.508,8,-6.682,0,0.152,0.297,0,0.384,0.758,178.818,4
3YeJXuRSNS5FYwOsDu44kD,"6Xgp2XMz1fhVYe7i6yNAax,0Y5tJX1MQlPlqiwlOH1tJY","Dark Knight Dummo (Feat. Travis Scott)","Dark Knight Dummo (Feat. Travis Scott)","Trippie Redd,Travis Scott",2017-12-05,256162,51,spotify:user:rmal1103401,2021-05-26T14:30:39Z,"melodic rap,rap,trap,hip hop,slap house",0.28,0.821,8,-2.864,0,0.111,0.167,0,0.139,0.254,181.444,3
75L0qdzRnhwV62UXoNq3pE,"3TVXtAsR1Inumwj472S9r4,0hCNtLu0JehylgoiP8L4Gh","Up All Night","Thank Me Later","Drake,Nicki Minaj",2010-01-01,234333,67,spotify:user:rmal1103401,2021-05-26T14:32:50Z,"canadian hip hop,canadian pop,hip hop,pop rap,rap,hip pop,pop,queens hip hop",0.606,0.811,7,-4.667,1,0.278,0.00782,0.0000149,0.349,0.276,156.347,4
0LEFmgIj8ABU7CelzGh5Bs,"6icQOAFXDZKsumw3YXyusw,4r63FhuTkUYltbVAg5TQnk,3TVXtAsR1Inumwj472S9r4","Oprah's Bank Account (Lil Yachty & DaBaby feat. Drake)","Lil Boat 3","Lil Yachty,DaBaby,Drake",2020-05-29,205635,55,spotify:user:rmal1103401,2021-05-28T18:42:38Z,"atl hip hop,melodic rap,rap,trap,hip hop,north carolina hip hop,pop rap,canadian hip hop,canadian pop",0.83,0.625,5,-3.678,1,0.0573,0.226,0,0.302,0.884,138.046,4
6nO3tr47nr2P7f3hXb8JIo,"7rkW85dBwwrJtlHRDkJDAC,0Y5tJX1MQlPlqiwlOH1tJY","Champion (feat. Travis Scott)","RECKLESS","NAV,Travis Scott",2018-05-18,195053,69,spotify:user:rmal1103401,2021-09-15T06:59:14Z,"canadian hip hop,canadian trap,melodic rap,rap,trap,hip hop,slap house",0.642,0.782,5,-3.395,0,0.0477,0.381,0,0.108,0.396,162.005,4
27a1mYSG5tYg7dmEjWBcmL,"0Y5tJX1MQlPlqiwlOH1tJY","CAN'T SAY","ASTROWORLD","Travis Scott",2018-08-03,198408,79,spotify:user:rmal1103401,2021-09-15T06:59:17Z,"hip hop,rap,slap house",0.702,0.708,10,-5.366,0,0.0547,0.201,0,0.118,0.713,147.98,4
3nS9a01VvXHQriLqJYwRqG,"2hlmm7s2ICUX0LVIhVFlZQ,50co4Is1HCEo8bhOyUWKpn","DOLLAZ ON MY HEAD (feat. Young Thug)","WUNNA","Gunna,Young Thug",2020-05-22,197760,73,spotify:user:rmal1103401,2021-09-15T06:59:21Z,"atl hip hop,melodic rap,rap,trap,atl trap,gangster rap",0.825,0.458,0,-7.47,1,0.0577,0.114,0,0.102,0.161,145.115,4
7iHHxY2NLlJRAmlAmC4ahQ,"5zctI4wO9XSKS8XwcnqEHk,2hlmm7s2ICUX0LVIhVFlZQ","Stuck In A Dream (feat. Gunna)","Certified Hitmaker","Lil Mosey,Gunna",2019-11-08,123560,73,spotify:user:rmal1103401,2021-09-15T06:59:28Z,"melodic rap,rap conscient,atl hip hop,rap,trap",0.748,0.648,10,-6.445,0,0.0816,0.484,0,0.126,0.726,139.952,4
0RLLvYBopDwooCyvnTwgYu,"6jGMq4yGs7aQzuGsMgVgZR","F.N","True 2 Myself","Lil Tjay",2019-10-11,224000,79,spotify:user:rmal1103401,2021-09-15T06:59:32Z,"brooklyn drill,melodic rap,nyc rap,rap",0.567,0.515,6,-10.265,0,0.247,0.354,0,0.078,0.321,120.1,1
1C8ux1YWLMHCenYJFiIV4Z,"5QdEbQJ3ylBnc3gsIASAT5,4O15NlyKLIASxsJ0PrXPfz,4MCBfE4596Uoi2O4DtmEMz,1anyVhU62p31KFi8MEzkbf","PTSD","PTSD","G Herbo,Lil Uzi Vert,Juice WRLD,Chance the Rapper",2020-02-28,232064,74,spotify:user:rmal1103401,2021-09-15T06:59:42Z,"chicago drill,chicago rap,drill,trap,hip hop,melodic rap,philly rap,rage rap,rap,conscious hip hop,pop rap",0.883,0.808,1,-3.158,0,0.182,0.0313,0,0.207,0.806,119.01,4
6ZthdsKjWtiCxnxbhs74vF,"2hlmm7s2ICUX0LVIhVFlZQ","Drip or Drown","Drip or Drown","Gunna",2017-11-30,126168,78,spotify:user:rmal1103401,2021-09-15T06:59:45Z,"atl hip hop,melodic rap,rap,trap",0.952,0.478,5,-8.52,0,0.361,0.774,0,0.112,0.568,118.008,4
4ZT9FnbFu1PaBfV3itxiqT,"7d3WFRME3vBY2cgoP38RDo","I","Shelby","Lil Skies",2019-03-01,181890,71,spotify:user:rmal1103401,2021-09-15T06:59:47Z,"melodic rap",0.649,0.453,6,-7.28,1,0.085,0.627,0,0.116,0.431,99.183,4
7KVPsVMOK3NL7subwJ0dZj,"2hlmm7s2ICUX0LVIhVFlZQ","Who You Foolin","Drip or Drown 2","Gunna",2019-02-22,151539,72,spotify:user:rmal1103401,2021-09-15T06:59:53Z,"atl hip hop,melodic rap,rap,trap",0.916,0.756,0,-7.653,1,0.188,0.0942,0,0.23,0.756,115.69,4
